Municipios;Sexo;Periodo;Total
28001 Acebeda, La;Total;2024;68
28001 Acebeda, La;Total;2023;67
28001 Acebeda, La;Total;2022;62
28001 Acebeda, La;Total;2021;55
28001 Acebeda, La;Total;2020;68
28001 Acebeda, La;Total;2019;84
28001 Acebeda, La;Total;2018;65
28001 Acebeda, La;Total;2017;66
28001 Acebeda, La;Total;2016;66
28001 Acebeda, La;Total;2015;65
28002 Ajalvir;Total;2024;4.863
28002 Ajalvir;Total;2023;4.779
28002 Ajalvir;Total;2022;4.751
28002 Ajalvir;Total;2021;4.676
28002 Ajalvir;Total;2020;4.721
28002 Ajalvir;Total;2019;4.712
28002 Ajalvir;Total;2018;4.559
28002 Ajalvir;Total;2017;4.455
28002 Ajalvir;Total;2016;4.440
28002 Ajalvir;Total;2015;4.343
28003 Alameda del Valle;Total;2024;255
28003 Alameda del Valle;Total;2023;274
28003 Alameda del Valle;Total;2022;241
28003 Alameda del Valle;Total;2021;246
28003 Alameda del Valle;Total;2020;204
28003 Alameda del Valle;Total;2019;200
28003 Alameda del Valle;Total;2018;195
28003 Alameda del Valle;Total;2017;199
28003 Alameda del Valle;Total;2016;208
28003 Alameda del Valle;Total;2015;217
28004 êlamo, El;Total;2024;10.430
28004 êlamo, El;Total;2023;10.322
28004 êlamo, El;Total;2022;10.123
28004 êlamo, El;Total;2021;9.908
28004 êlamo, El;Total;2020;9.862
28004 êlamo, El;Total;2019;9.470
28004 êlamo, El;Total;2018;9.353
28004 êlamo, El;Total;2017;9.149
28004 êlamo, El;Total;2016;9.017
28004 êlamo, El;Total;2015;8.965
28005 AlcalÃ de Henares;Total;2024;200.702
28005 AlcalÃ de Henares;Total;2023;199.184
28005 AlcalÃ de Henares;Total;2022;196.888
28005 AlcalÃ de Henares;Total;2021;195.982
28005 AlcalÃ de Henares;Total;2020;197.562
28005 AlcalÃ de Henares;Total;2019;195.649
28005 AlcalÃ de Henares;Total;2018;193.751
28005 AlcalÃ de Henares;Total;2017;194.310
28005 AlcalÃ de Henares;Total;2016;195.907
28005 AlcalÃ de Henares;Total;2015;198.750
28006 Alcobendas;Total;2024;121.373
28006 Alcobendas;Total;2023;119.416
28006 Alcobendas;Total;2022;117.041
28006 Alcobendas;Total;2021;116.589
28006 Alcobendas;Total;2020;118.417
28006 Alcobendas;Total;2019;117.040
28006 Alcobendas;Total;2018;116.037
28006 Alcobendas;Total;2017;114.864
28006 Alcobendas;Total;2016;113.340
28006 Alcobendas;Total;2015;113.055
28007 Alcorcµn;Total;2024;173.625
28007 Alcorcµn;Total;2023;171.772
28007 Alcorcµn;Total;2022;170.296
28007 Alcorcµn;Total;2021;170.817
28007 Alcorcµn;Total;2020;172.384
28007 Alcorcµn;Total;2019;170.514
28007 Alcorcµn;Total;2018;169.502
28007 Alcorcµn;Total;2017;168.141
28007 Alcorcµn;Total;2016;167.354
28007 Alcorcµn;Total;2015;167.136
28008 Aldea del Fresno;Total;2024;3.422
28008 Aldea del Fresno;Total;2023;3.408
28008 Aldea del Fresno;Total;2022;3.227
28008 Aldea del Fresno;Total;2021;3.085
28008 Aldea del Fresno;Total;2020;2.973
28008 Aldea del Fresno;Total;2019;2.838
28008 Aldea del Fresno;Total;2018;2.698
28008 Aldea del Fresno;Total;2017;2.616
28008 Aldea del Fresno;Total;2016;2.584
28008 Aldea del Fresno;Total;2015;2.535
28009 Algete;Total;2024;21.167
28009 Algete;Total;2023;20.991
28009 Algete;Total;2022;20.767
28009 Algete;Total;2021;20.749
28009 Algete;Total;2020;20.864
28009 Algete;Total;2019;20.611
28009 Algete;Total;2018;20.473
28009 Algete;Total;2017;20.419
28009 Algete;Total;2016;20.311
28009 Algete;Total;2015;20.148
28010 Alpedrete;Total;2024;15.543
28010 Alpedrete;Total;2023;15.312
28010 Alpedrete;Total;2022;15.006
28010 Alpedrete;Total;2021;14.959
28010 Alpedrete;Total;2020;14.839
28010 Alpedrete;Total;2019;14.575
28010 Alpedrete;Total;2018;14.364
28010 Alpedrete;Total;2017;14.240
28010 Alpedrete;Total;2016;14.417
28010 Alpedrete;Total;2015;14.248
28011 Ambite;Total;2024;697
28011 Ambite;Total;2023;684
28011 Ambite;Total;2022;648
28011 Ambite;Total;2021;662
28011 Ambite;Total;2020;609
28011 Ambite;Total;2019;592
28011 Ambite;Total;2018;601
28011 Ambite;Total;2017;677
28011 Ambite;Total;2016;595
28011 Ambite;Total;2015;618
28012 Anchuelo;Total;2024;1.392
28012 Anchuelo;Total;2023;1.379
28012 Anchuelo;Total;2022;1.354
28012 Anchuelo;Total;2021;1.359
28012 Anchuelo;Total;2020;1.286
28012 Anchuelo;Total;2019;1.271
28012 Anchuelo;Total;2018;1.272
28012 Anchuelo;Total;2017;1.238
28012 Anchuelo;Total;2016;1.215
28012 Anchuelo;Total;2015;1.200
28013 Aranjuez;Total;2024;62.292
28013 Aranjuez;Total;2023;60.668
28013 Aranjuez;Total;2022;59.762
28013 Aranjuez;Total;2021;59.833
28013 Aranjuez;Total;2020;60.332
28013 Aranjuez;Total;2019;59.607
28013 Aranjuez;Total;2018;59.037
28013 Aranjuez;Total;2017;58.213
28013 Aranjuez;Total;2016;57.932
28013 Aranjuez;Total;2015;58.168
28014 Arganda del Rey;Total;2024;59.513
28014 Arganda del Rey;Total;2023;58.990
28014 Arganda del Rey;Total;2022;57.553
28014 Arganda del Rey;Total;2021;56.386
28014 Arganda del Rey;Total;2020;56.678
28014 Arganda del Rey;Total;2019;55.389
28014 Arganda del Rey;Total;2018;54.554
28014 Arganda del Rey;Total;2017;53.821
28014 Arganda del Rey;Total;2016;54.256
28014 Arganda del Rey;Total;2015;54.533
28015 Arroyomolinos;Total;2024;37.208
28015 Arroyomolinos;Total;2023;35.972
28015 Arroyomolinos;Total;2022;34.833
28015 Arroyomolinos;Total;2021;33.687
28015 Arroyomolinos;Total;2020;32.935
28015 Arroyomolinos;Total;2019;31.396
28015 Arroyomolinos;Total;2018;30.052
28015 Arroyomolinos;Total;2017;29.128
28015 Arroyomolinos;Total;2016;28.177
28015 Arroyomolinos;Total;2015;26.846
28016 Atazar, El;Total;2024;107
28016 Atazar, El;Total;2023;104
28016 Atazar, El;Total;2022;107
28016 Atazar, El;Total;2021;109
28016 Atazar, El;Total;2020;90
28016 Atazar, El;Total;2019;89
28016 Atazar, El;Total;2018;93
28016 Atazar, El;Total;2017;97
28016 Atazar, El;Total;2016;95
28016 Atazar, El;Total;2015;96
28017 Batres;Total;2024;1.943
28017 Batres;Total;2023;1.872
28017 Batres;Total;2022;1.823
28017 Batres;Total;2021;1.820
28017 Batres;Total;2020;1.750
28017 Batres;Total;2019;1.684
28017 Batres;Total;2018;1.638
28017 Batres;Total;2017;1.610
28017 Batres;Total;2016;1.582
28017 Batres;Total;2015;1.568
28018 Becerril de la Sierra;Total;2024;6.573
28018 Becerril de la Sierra;Total;2023;6.277
28018 Becerril de la Sierra;Total;2022;6.197
28018 Becerril de la Sierra;Total;2021;6.108
28018 Becerril de la Sierra;Total;2020;5.875
28018 Becerril de la Sierra;Total;2019;5.714
28018 Becerril de la Sierra;Total;2018;5.564
28018 Becerril de la Sierra;Total;2017;5.457
28018 Becerril de la Sierra;Total;2016;5.439
28018 Becerril de la Sierra;Total;2015;5.396
28019 Belmonte de Tajo;Total;2024;1.917
28019 Belmonte de Tajo;Total;2023;1.840
28019 Belmonte de Tajo;Total;2022;1.769
28019 Belmonte de Tajo;Total;2021;1.751
28019 Belmonte de Tajo;Total;2020;1.683
28019 Belmonte de Tajo;Total;2019;1.664
28019 Belmonte de Tajo;Total;2018;1.627
28019 Belmonte de Tajo;Total;2017;1.628
28019 Belmonte de Tajo;Total;2016;1.605
28019 Belmonte de Tajo;Total;2015;1.625
28021 Berrueco, El;Total;2024;816
28021 Berrueco, El;Total;2023;802
28021 Berrueco, El;Total;2022;801
28021 Berrueco, El;Total;2021;796
28021 Berrueco, El;Total;2020;777
28021 Berrueco, El;Total;2019;760
28021 Berrueco, El;Total;2018;741
28021 Berrueco, El;Total;2017;743
28021 Berrueco, El;Total;2016;752
28021 Berrueco, El;Total;2015;618
28020 Berzosa del Lozoya;Total;2024;231
28020 Berzosa del Lozoya;Total;2023;217
28020 Berzosa del Lozoya;Total;2022;227
28020 Berzosa del Lozoya;Total;2021;216
28020 Berzosa del Lozoya;Total;2020;222
28020 Berzosa del Lozoya;Total;2019;205
28020 Berzosa del Lozoya;Total;2018;198
28020 Berzosa del Lozoya;Total;2017;203
28020 Berzosa del Lozoya;Total;2016;198
28020 Berzosa del Lozoya;Total;2015;202
28022 Boadilla del Monte;Total;2024;65.839
28022 Boadilla del Monte;Total;2023;64.742
28022 Boadilla del Monte;Total;2022;62.627
28022 Boadilla del Monte;Total;2021;59.052
28022 Boadilla del Monte;Total;2020;56.734
28022 Boadilla del Monte;Total;2019;54.570
28022 Boadilla del Monte;Total;2018;52.626
28022 Boadilla del Monte;Total;2017;51.463
28022 Boadilla del Monte;Total;2016;49.762
28022 Boadilla del Monte;Total;2015;48.775
28023 Boalo, El;Total;2024;8.547
28023 Boalo, El;Total;2023;8.424
28023 Boalo, El;Total;2022;8.216
28023 Boalo, El;Total;2021;8.009
28023 Boalo, El;Total;2020;7.663
28023 Boalo, El;Total;2019;7.508
28023 Boalo, El;Total;2018;7.399
28023 Boalo, El;Total;2017;7.358
28023 Boalo, El;Total;2016;7.225
28023 Boalo, El;Total;2015;7.157
28024 Braojos;Total;2024;219
28024 Braojos;Total;2023;212
28024 Braojos;Total;2022;218
28024 Braojos;Total;2021;218
28024 Braojos;Total;2020;206
28024 Braojos;Total;2019;205
28024 Braojos;Total;2018;205
28024 Braojos;Total;2017;208
28024 Braojos;Total;2016;201
28024 Braojos;Total;2015;203
28025 Brea de Tajo;Total;2024;579
28025 Brea de Tajo;Total;2023;543
28025 Brea de Tajo;Total;2022;541
28025 Brea de Tajo;Total;2021;523
28025 Brea de Tajo;Total;2020;506
28025 Brea de Tajo;Total;2019;524
28025 Brea de Tajo;Total;2018;525
28025 Brea de Tajo;Total;2017;539
28025 Brea de Tajo;Total;2016;560
28025 Brea de Tajo;Total;2015;560
28026 Brunete;Total;2024;11.300
28026 Brunete;Total;2023;11.014
28026 Brunete;Total;2022;10.845
28026 Brunete;Total;2021;10.726
28026 Brunete;Total;2020;10.760
28026 Brunete;Total;2019;10.736
28026 Brunete;Total;2018;10.596
28026 Brunete;Total;2017;10.373
28026 Brunete;Total;2016;10.374
28026 Brunete;Total;2015;10.398
28027 Buitrago del Lozoya;Total;2024;1.973
28027 Buitrago del Lozoya;Total;2023;1.967
28027 Buitrago del Lozoya;Total;2022;1.948
28027 Buitrago del Lozoya;Total;2021;1.940
28027 Buitrago del Lozoya;Total;2020;1.959
28027 Buitrago del Lozoya;Total;2019;1.884
28027 Buitrago del Lozoya;Total;2018;1.875
28027 Buitrago del Lozoya;Total;2017;1.854
28027 Buitrago del Lozoya;Total;2016;1.861
28027 Buitrago del Lozoya;Total;2015;1.865
28028 Bustarviejo;Total;2024;2.829
28028 Bustarviejo;Total;2023;2.743
28028 Bustarviejo;Total;2022;2.706
28028 Bustarviejo;Total;2021;2.701
28028 Bustarviejo;Total;2020;2.522
28028 Bustarviejo;Total;2019;2.503
28028 Bustarviejo;Total;2018;2.486
28028 Bustarviejo;Total;2017;2.399
28028 Bustarviejo;Total;2016;2.370
28028 Bustarviejo;Total;2015;2.367
28029 Cabanillas de la Sierra;Total;2024;941
28029 Cabanillas de la Sierra;Total;2023;939
28029 Cabanillas de la Sierra;Total;2022;874
28029 Cabanillas de la Sierra;Total;2021;837
28029 Cabanillas de la Sierra;Total;2020;785
28029 Cabanillas de la Sierra;Total;2019;756
28029 Cabanillas de la Sierra;Total;2018;712
28029 Cabanillas de la Sierra;Total;2017;712
28029 Cabanillas de la Sierra;Total;2016;719
28029 Cabanillas de la Sierra;Total;2015;733
28030 Cabrera, La;Total;2024;2.922
28030 Cabrera, La;Total;2023;2.882
28030 Cabrera, La;Total;2022;2.805
28030 Cabrera, La;Total;2021;2.782
28030 Cabrera, La;Total;2020;2.736
28030 Cabrera, La;Total;2019;2.667
28030 Cabrera, La;Total;2018;2.613
28030 Cabrera, La;Total;2017;2.570
28030 Cabrera, La;Total;2016;2.560
28030 Cabrera, La;Total;2015;2.574
28031 Cadalso de los Vidrios;Total;2024;3.228
28031 Cadalso de los Vidrios;Total;2023;3.173
28031 Cadalso de los Vidrios;Total;2022;3.193
28031 Cadalso de los Vidrios;Total;2021;3.203
28031 Cadalso de los Vidrios;Total;2020;3.047
28031 Cadalso de los Vidrios;Total;2019;3.039
28031 Cadalso de los Vidrios;Total;2018;3.049
28031 Cadalso de los Vidrios;Total;2017;3.053
28031 Cadalso de los Vidrios;Total;2016;2.788
28031 Cadalso de los Vidrios;Total;2015;2.767
28032 Camarma de Esteruelas;Total;2024;8.106
28032 Camarma de Esteruelas;Total;2023;7.792
28032 Camarma de Esteruelas;Total;2022;7.595
28032 Camarma de Esteruelas;Total;2021;7.555
28032 Camarma de Esteruelas;Total;2020;7.437
28032 Camarma de Esteruelas;Total;2019;7.336
28032 Camarma de Esteruelas;Total;2018;7.226
28032 Camarma de Esteruelas;Total;2017;7.084
28032 Camarma de Esteruelas;Total;2016;7.050
28032 Camarma de Esteruelas;Total;2015;7.134
28033 Campo Real;Total;2024;6.802
28033 Campo Real;Total;2023;6.781
28033 Campo Real;Total;2022;6.651
28033 Campo Real;Total;2021;6.416
28033 Campo Real;Total;2020;6.420
28033 Campo Real;Total;2019;6.210
28033 Campo Real;Total;2018;6.075
28033 Campo Real;Total;2017;5.995
28033 Campo Real;Total;2016;5.888
28033 Campo Real;Total;2015;5.854
28034 Canencia;Total;2024;469
28034 Canencia;Total;2023;460
28034 Canencia;Total;2022;455
28034 Canencia;Total;2021;461
28034 Canencia;Total;2020;447
28034 Canencia;Total;2019;447
28034 Canencia;Total;2018;423
28034 Canencia;Total;2017;448
28034 Canencia;Total;2016;451
28034 Canencia;Total;2015;464
28035 Carabaþa;Total;2024;2.352
28035 Carabaþa;Total;2023;2.273
28035 Carabaþa;Total;2022;2.210
28035 Carabaþa;Total;2021;2.142
28035 Carabaþa;Total;2020;2.081
28035 Carabaþa;Total;2019;2.010
28035 Carabaþa;Total;2018;1.905
28035 Carabaþa;Total;2017;1.940
28035 Carabaþa;Total;2016;1.948
28035 Carabaþa;Total;2015;2.017
28036 Casarrubuelos;Total;2024;4.211
28036 Casarrubuelos;Total;2023;4.062
28036 Casarrubuelos;Total;2022;3.961
28036 Casarrubuelos;Total;2021;3.939
28036 Casarrubuelos;Total;2020;3.845
28036 Casarrubuelos;Total;2019;3.778
28036 Casarrubuelos;Total;2018;3.707
28036 Casarrubuelos;Total;2017;3.650
28036 Casarrubuelos;Total;2016;3.589
28036 Casarrubuelos;Total;2015;3.548
28037 Cenicientos;Total;2024;2.148
28037 Cenicientos;Total;2023;2.097
28037 Cenicientos;Total;2022;2.089
28037 Cenicientos;Total;2021;2.083
28037 Cenicientos;Total;2020;2.038
28037 Cenicientos;Total;2019;2.033
28037 Cenicientos;Total;2018;1.980
28037 Cenicientos;Total;2017;1.984
28037 Cenicientos;Total;2016;1.986
28037 Cenicientos;Total;2015;2.035
28038 Cercedilla;Total;2024;7.647
28038 Cercedilla;Total;2023;7.648
28038 Cercedilla;Total;2022;7.533
28038 Cercedilla;Total;2021;7.359
28038 Cercedilla;Total;2020;7.205
28038 Cercedilla;Total;2019;7.026
28038 Cercedilla;Total;2018;6.948
28038 Cercedilla;Total;2017;6.853
28038 Cercedilla;Total;2016;6.751
28038 Cercedilla;Total;2015;6.781
28039 Cervera de Buitrago;Total;2024;161
28039 Cervera de Buitrago;Total;2023;164
28039 Cervera de Buitrago;Total;2022;169
28039 Cervera de Buitrago;Total;2021;158
28039 Cervera de Buitrago;Total;2020;162
28039 Cervera de Buitrago;Total;2019;150
28039 Cervera de Buitrago;Total;2018;149
28039 Cervera de Buitrago;Total;2017;156
28039 Cervera de Buitrago;Total;2016;157
28039 Cervera de Buitrago;Total;2015;164
28051 ChapinerÚa;Total;2024;2.642
28051 ChapinerÚa;Total;2023;2.604
28051 ChapinerÚa;Total;2022;2.512
28051 ChapinerÚa;Total;2021;2.494
28051 ChapinerÚa;Total;2020;2.414
28051 ChapinerÚa;Total;2019;2.328
28051 ChapinerÚa;Total;2018;2.240
28051 ChapinerÚa;Total;2017;2.225
28051 ChapinerÚa;Total;2016;2.214
28051 ChapinerÚa;Total;2015;2.158
28052 Chinchµn;Total;2024;5.818
28052 Chinchµn;Total;2023;5.664
28052 Chinchµn;Total;2022;5.658
28052 Chinchµn;Total;2021;5.506
28052 Chinchµn;Total;2020;5.413
28052 Chinchµn;Total;2019;5.331
28052 Chinchµn;Total;2018;5.239
28052 Chinchµn;Total;2017;5.240
28052 Chinchµn;Total;2016;5.294
28052 Chinchµn;Total;2015;5.436
28040 Ciempozuelos;Total;2024;26.140
28040 Ciempozuelos;Total;2023;25.866
28040 Ciempozuelos;Total;2022;25.383
28040 Ciempozuelos;Total;2021;25.083
28040 Ciempozuelos;Total;2020;25.104
28040 Ciempozuelos;Total;2019;24.592
28040 Ciempozuelos;Total;2018;24.087
28040 Ciempozuelos;Total;2017;23.737
28040 Ciempozuelos;Total;2016;23.773
28040 Ciempozuelos;Total;2015;23.696
28041 Cobeþa;Total;2024;7.759
28041 Cobeþa;Total;2023;7.698
28041 Cobeþa;Total;2022;7.551
28041 Cobeþa;Total;2021;7.444
28041 Cobeþa;Total;2020;7.486
28041 Cobeþa;Total;2019;7.428
28041 Cobeþa;Total;2018;7.280
28041 Cobeþa;Total;2017;7.163
28041 Cobeþa;Total;2016;7.009
28041 Cobeþa;Total;2015;6.983
28046 Collado Mediano;Total;2024;7.547
28046 Collado Mediano;Total;2023;7.490
28046 Collado Mediano;Total;2022;7.456
28046 Collado Mediano;Total;2021;7.348
28046 Collado Mediano;Total;2020;7.105
28046 Collado Mediano;Total;2019;6.958
28046 Collado Mediano;Total;2018;6.781
28046 Collado Mediano;Total;2017;6.666
28046 Collado Mediano;Total;2016;6.583
28046 Collado Mediano;Total;2015;6.599
28047 Collado Villalba;Total;2024;66.698
28047 Collado Villalba;Total;2023;65.657
28047 Collado Villalba;Total;2022;64.263
28047 Collado Villalba;Total;2021;63.825
28047 Collado Villalba;Total;2020;64.378
28047 Collado Villalba;Total;2019;63.679
28047 Collado Villalba;Total;2018;63.074
28047 Collado Villalba;Total;2017;62.152
28047 Collado Villalba;Total;2016;61.597
28047 Collado Villalba;Total;2015;62.056
28043 Colmenar de Oreja;Total;2024;8.888
28043 Colmenar de Oreja;Total;2023;8.649
28043 Colmenar de Oreja;Total;2022;8.462
28043 Colmenar de Oreja;Total;2021;8.303
28043 Colmenar de Oreja;Total;2020;8.154
28043 Colmenar de Oreja;Total;2019;8.032
28043 Colmenar de Oreja;Total;2018;7.902
28043 Colmenar de Oreja;Total;2017;7.810
28043 Colmenar de Oreja;Total;2016;7.946
28043 Colmenar de Oreja;Total;2015;8.071
28042 Colmenar del Arroyo;Total;2024;2.015
28042 Colmenar del Arroyo;Total;2023;1.947
28042 Colmenar del Arroyo;Total;2022;1.936
28042 Colmenar del Arroyo;Total;2021;1.875
28042 Colmenar del Arroyo;Total;2020;1.785
28042 Colmenar del Arroyo;Total;2019;1.725
28042 Colmenar del Arroyo;Total;2018;1.685
28042 Colmenar del Arroyo;Total;2017;1.632
28042 Colmenar del Arroyo;Total;2016;1.632
28042 Colmenar del Arroyo;Total;2015;1.611
28045 Colmenar Viejo;Total;2024;57.029
28045 Colmenar Viejo;Total;2023;55.198
28045 Colmenar Viejo;Total;2022;53.389
28045 Colmenar Viejo;Total;2021;52.480
28045 Colmenar Viejo;Total;2020;51.938
28045 Colmenar Viejo;Total;2019;50.752
28045 Colmenar Viejo;Total;2018;49.498
28045 Colmenar Viejo;Total;2017;48.614
28045 Colmenar Viejo;Total;2016;48.020
28045 Colmenar Viejo;Total;2015;47.601
28044 Colmenarejo;Total;2024;9.623
28044 Colmenarejo;Total;2023;9.534
28044 Colmenarejo;Total;2022;9.473
28044 Colmenarejo;Total;2021;9.376
28044 Colmenarejo;Total;2020;9.230
28044 Colmenarejo;Total;2019;9.130
28044 Colmenarejo;Total;2018;9.124
28044 Colmenarejo;Total;2017;9.015
28044 Colmenarejo;Total;2016;8.945
28044 Colmenarejo;Total;2015;8.934
28048 Corpa;Total;2024;792
28048 Corpa;Total;2023;798
28048 Corpa;Total;2022;764
28048 Corpa;Total;2021;742
28048 Corpa;Total;2020;723
28048 Corpa;Total;2019;713
28048 Corpa;Total;2018;697
28048 Corpa;Total;2017;684
28048 Corpa;Total;2016;672
28048 Corpa;Total;2015;669
28049 Coslada;Total;2024;80.760
28049 Coslada;Total;2023;80.171
28049 Coslada;Total;2022;80.596
28049 Coslada;Total;2021;81.273
28049 Coslada;Total;2020;81.391
28049 Coslada;Total;2019;81.661
28049 Coslada;Total;2018;81.860
28049 Coslada;Total;2017;83.011
28049 Coslada;Total;2016;84.533
28049 Coslada;Total;2015;86.919
28050 Cubas de la Sagra;Total;2024;6.988
28050 Cubas de la Sagra;Total;2023;6.817
28050 Cubas de la Sagra;Total;2022;6.698
28050 Cubas de la Sagra;Total;2021;6.642
28050 Cubas de la Sagra;Total;2020;6.539
28050 Cubas de la Sagra;Total;2019;6.413
28050 Cubas de la Sagra;Total;2018;6.310
28050 Cubas de la Sagra;Total;2017;6.112
28050 Cubas de la Sagra;Total;2016;5.971
28050 Cubas de la Sagra;Total;2015;5.875
28053 Daganzo de Arriba;Total;2024;10.703
28053 Daganzo de Arriba;Total;2023;10.611
28053 Daganzo de Arriba;Total;2022;10.650
28053 Daganzo de Arriba;Total;2021;10.520
28053 Daganzo de Arriba;Total;2020;10.337
28053 Daganzo de Arriba;Total;2019;10.205
28053 Daganzo de Arriba;Total;2018;10.061
28053 Daganzo de Arriba;Total;2017;10.082
28053 Daganzo de Arriba;Total;2016;9.981
28053 Daganzo de Arriba;Total;2015;9.919
28054 Escorial, El;Total;2024;17.176
28054 Escorial, El;Total;2023;16.873
28054 Escorial, El;Total;2022;16.618
28054 Escorial, El;Total;2021;16.594
28054 Escorial, El;Total;2020;16.365
28054 Escorial, El;Total;2019;16.162
28054 Escorial, El;Total;2018;15.842
28054 Escorial, El;Total;2017;15.562
28054 Escorial, El;Total;2016;15.364
28054 Escorial, El;Total;2015;15.342
28055 Estremera;Total;2024;1.467
28055 Estremera;Total;2023;1.453
28055 Estremera;Total;2022;1.410
28055 Estremera;Total;2021;1.381
28055 Estremera;Total;2020;1.334
28055 Estremera;Total;2019;1.260
28055 Estremera;Total;2018;1.236
28055 Estremera;Total;2017;1.261
28055 Estremera;Total;2016;1.319
28055 Estremera;Total;2015;1.350
28056 Fresnedillas de la Oliva;Total;2024;1.837
28056 Fresnedillas de la Oliva;Total;2023;1.791
28056 Fresnedillas de la Oliva;Total;2022;1.784
28056 Fresnedillas de la Oliva;Total;2021;1.742
28056 Fresnedillas de la Oliva;Total;2020;1.651
28056 Fresnedillas de la Oliva;Total;2019;1.572
28056 Fresnedillas de la Oliva;Total;2018;1.554
28056 Fresnedillas de la Oliva;Total;2017;1.550
28056 Fresnedillas de la Oliva;Total;2016;1.547
28056 Fresnedillas de la Oliva;Total;2015;1.554
28057 Fresno de Torote;Total;2024;2.548
28057 Fresno de Torote;Total;2023;2.522
28057 Fresno de Torote;Total;2022;2.444
28057 Fresno de Torote;Total;2021;2.416
28057 Fresno de Torote;Total;2020;2.299
28057 Fresno de Torote;Total;2019;2.221
28057 Fresno de Torote;Total;2018;2.181
28057 Fresno de Torote;Total;2017;2.115
28057 Fresno de Torote;Total;2016;2.044
28057 Fresno de Torote;Total;2015;2.041
28058 Fuenlabrada;Total;2024;190.790
28058 Fuenlabrada;Total;2023;188.736
28058 Fuenlabrada;Total;2022;189.891
28058 Fuenlabrada;Total;2021;192.233
28058 Fuenlabrada;Total;2020;194.514
28058 Fuenlabrada;Total;2019;193.700
28058 Fuenlabrada;Total;2018;193.586
28058 Fuenlabrada;Total;2017;194.669
28058 Fuenlabrada;Total;2016;194.171
28058 Fuenlabrada;Total;2015;195.180
28059 Fuente el Saz de Jarama;Total;2024;7.379
28059 Fuente el Saz de Jarama;Total;2023;7.182
28059 Fuente el Saz de Jarama;Total;2022;7.034
28059 Fuente el Saz de Jarama;Total;2021;6.883
28059 Fuente el Saz de Jarama;Total;2020;6.807
28059 Fuente el Saz de Jarama;Total;2019;6.696
28059 Fuente el Saz de Jarama;Total;2018;6.541
28059 Fuente el Saz de Jarama;Total;2017;6.424
28059 Fuente el Saz de Jarama;Total;2016;6.403
28059 Fuente el Saz de Jarama;Total;2015;6.440
28060 Fuentidueþa de Tajo;Total;2024;2.328
28060 Fuentidueþa de Tajo;Total;2023;2.270
28060 Fuentidueþa de Tajo;Total;2022;2.250
28060 Fuentidueþa de Tajo;Total;2021;2.228
28060 Fuentidueþa de Tajo;Total;2020;2.136
28060 Fuentidueþa de Tajo;Total;2019;2.053
28060 Fuentidueþa de Tajo;Total;2018;1.985
28060 Fuentidueþa de Tajo;Total;2017;1.980
28060 Fuentidueþa de Tajo;Total;2016;1.936
28060 Fuentidueþa de Tajo;Total;2015;1.954
28061 Galapagar;Total;2024;36.184
28061 Galapagar;Total;2023;35.273
28061 Galapagar;Total;2022;34.834
28061 Galapagar;Total;2021;34.712
28061 Galapagar;Total;2020;34.497
28061 Galapagar;Total;2019;33.742
28061 Galapagar;Total;2018;33.379
28061 Galapagar;Total;2017;32.903
28061 Galapagar;Total;2016;32.404
28061 Galapagar;Total;2015;32.294
28062 Garganta de los Montes;Total;2024;416
28062 Garganta de los Montes;Total;2023;420
28062 Garganta de los Montes;Total;2022;395
28062 Garganta de los Montes;Total;2021;411
28062 Garganta de los Montes;Total;2020;377
28062 Garganta de los Montes;Total;2019;347
28062 Garganta de los Montes;Total;2018;348
28062 Garganta de los Montes;Total;2017;331
28062 Garganta de los Montes;Total;2016;351
28062 Garganta de los Montes;Total;2015;367
28063 Gargantilla del Lozoya y Pinilla de Buitrago;Total;2024;397
28063 Gargantilla del Lozoya y Pinilla de Buitrago;Total;2023;388
28063 Gargantilla del Lozoya y Pinilla de Buitrago;Total;2022;361
28063 Gargantilla del Lozoya y Pinilla de Buitrago;Total;2021;344
28063 Gargantilla del Lozoya y Pinilla de Buitrago;Total;2020;309
28063 Gargantilla del Lozoya y Pinilla de Buitrago;Total;2019;316
28063 Gargantilla del Lozoya y Pinilla de Buitrago;Total;2018;318
28063 Gargantilla del Lozoya y Pinilla de Buitrago;Total;2017;315
28063 Gargantilla del Lozoya y Pinilla de Buitrago;Total;2016;325
28063 Gargantilla del Lozoya y Pinilla de Buitrago;Total;2015;351
28064 Gascones;Total;2024;239
28064 Gascones;Total;2023;229
28064 Gascones;Total;2022;212
28064 Gascones;Total;2021;191
28064 Gascones;Total;2020;176
28064 Gascones;Total;2019;193
28064 Gascones;Total;2018;188
28064 Gascones;Total;2017;176
28064 Gascones;Total;2016;171
28064 Gascones;Total;2015;176
28065 Getafe;Total;2024;189.906
28065 Getafe;Total;2023;185.899
28065 Getafe;Total;2022;183.219
28065 Getafe;Total;2021;183.095
28065 Getafe;Total;2020;185.180
28065 Getafe;Total;2019;183.374
28065 Getafe;Total;2018;180.747
28065 Getafe;Total;2017;178.288
28065 Getafe;Total;2016;176.659
28065 Getafe;Total;2015;174.921
28066 Griþµn;Total;2024;10.718
28066 Griþµn;Total;2023;10.087
28066 Griþµn;Total;2022;10.491
28066 Griþµn;Total;2021;10.467
28066 Griþµn;Total;2020;10.435
28066 Griþµn;Total;2019;10.319
28066 Griþµn;Total;2018;10.178
28066 Griþµn;Total;2017;10.060
28066 Griþµn;Total;2016;9.938
28066 Griþµn;Total;2015;9.918
28067 Guadalix de la Sierra;Total;2024;6.904
28067 Guadalix de la Sierra;Total;2023;6.814
28067 Guadalix de la Sierra;Total;2022;6.672
28067 Guadalix de la Sierra;Total;2021;6.594
28067 Guadalix de la Sierra;Total;2020;6.440
28067 Guadalix de la Sierra;Total;2019;6.214
28067 Guadalix de la Sierra;Total;2018;6.119
28067 Guadalix de la Sierra;Total;2017;6.049
28067 Guadalix de la Sierra;Total;2016;5.982
28067 Guadalix de la Sierra;Total;2015;6.039
28068 Guadarrama;Total;2024;17.062
28068 Guadarrama;Total;2023;17.063
28068 Guadarrama;Total;2022;16.921
28068 Guadarrama;Total;2021;16.747
28068 Guadarrama;Total;2020;16.560
28068 Guadarrama;Total;2019;16.032
28068 Guadarrama;Total;2018;15.785
28068 Guadarrama;Total;2017;15.620
28068 Guadarrama;Total;2016;15.488
28068 Guadarrama;Total;2015;15.538
28069 Hiruela, La;Total;2024;83
28069 Hiruela, La;Total;2023;74
28069 Hiruela, La;Total;2022;75
28069 Hiruela, La;Total;2021;72
28069 Hiruela, La;Total;2020;65
28069 Hiruela, La;Total;2019;57
28069 Hiruela, La;Total;2018;48
28069 Hiruela, La;Total;2017;52
28069 Hiruela, La;Total;2016;54
28069 Hiruela, La;Total;2015;54
28070 Horcajo de la Sierra-Aoslos;Total;2024;233
28070 Horcajo de la Sierra-Aoslos;Total;2023;234
28070 Horcajo de la Sierra-Aoslos;Total;2022;201
28070 Horcajo de la Sierra-Aoslos;Total;2021;170
28070 Horcajo de la Sierra-Aoslos;Total;2020;152
28070 Horcajo de la Sierra-Aoslos;Total;2019;145
28070 Horcajo de la Sierra-Aoslos;Total;2018;148
28070 Horcajo de la Sierra-Aoslos;Total;2017;142
28070 Horcajo de la Sierra-Aoslos;Total;2016;143
28070 Horcajo de la Sierra-Aoslos;Total;2015;159
28071 Horcajuelo de la Sierra;Total;2024;111
28071 Horcajuelo de la Sierra;Total;2023;108
28071 Horcajuelo de la Sierra;Total;2022;110
28071 Horcajuelo de la Sierra;Total;2021;106
28071 Horcajuelo de la Sierra;Total;2020;89
28071 Horcajuelo de la Sierra;Total;2019;86
28071 Horcajuelo de la Sierra;Total;2018;89
28071 Horcajuelo de la Sierra;Total;2017;88
28071 Horcajuelo de la Sierra;Total;2016;86
28071 Horcajuelo de la Sierra;Total;2015;88
28072 Hoyo de Manzanares;Total;2024;9.178
28072 Hoyo de Manzanares;Total;2023;8.973
28072 Hoyo de Manzanares;Total;2022;8.811
28072 Hoyo de Manzanares;Total;2021;8.680
28072 Hoyo de Manzanares;Total;2020;8.529
28072 Hoyo de Manzanares;Total;2019;8.434
28072 Hoyo de Manzanares;Total;2018;8.222
28072 Hoyo de Manzanares;Total;2017;8.032
28072 Hoyo de Manzanares;Total;2016;7.965
28072 Hoyo de Manzanares;Total;2015;7.880
28073 Humanes de Madrid;Total;2024;20.074
28073 Humanes de Madrid;Total;2023;19.902
28073 Humanes de Madrid;Total;2022;19.838
28073 Humanes de Madrid;Total;2021;19.736
28073 Humanes de Madrid;Total;2020;19.701
28073 Humanes de Madrid;Total;2019;19.743
28073 Humanes de Madrid;Total;2018;19.587
28073 Humanes de Madrid;Total;2017;19.607
28073 Humanes de Madrid;Total;2016;19.563
28073 Humanes de Madrid;Total;2015;19.413
28074 LeganÕs;Total;2024;194.084
28074 LeganÕs;Total;2023;190.665
28074 LeganÕs;Total;2022;186.660
28074 LeganÕs;Total;2021;187.762
28074 LeganÕs;Total;2020;191.114
28074 LeganÕs;Total;2019;189.861
28074 LeganÕs;Total;2018;188.425
28074 LeganÕs;Total;2017;187.720
28074 LeganÕs;Total;2016;187.173
28074 LeganÕs;Total;2015;186.907
28075 Loeches;Total;2024;9.200
28075 Loeches;Total;2023;9.108
28075 Loeches;Total;2022;8.944
28075 Loeches;Total;2021;8.860
28075 Loeches;Total;2020;8.897
28075 Loeches;Total;2019;8.791
28075 Loeches;Total;2018;8.673
28075 Loeches;Total;2017;8.525
28075 Loeches;Total;2016;8.388
28075 Loeches;Total;2015;8.212
28076 Lozoya;Total;2024;617
28076 Lozoya;Total;2023;621
28076 Lozoya;Total;2022;602
28076 Lozoya;Total;2021;593
28076 Lozoya;Total;2020;580
28076 Lozoya;Total;2019;581
28076 Lozoya;Total;2018;559
28076 Lozoya;Total;2017;559
28076 Lozoya;Total;2016;576
28076 Lozoya;Total;2015;594
28901 Lozoyuela-Navas-Sieteiglesias;Total;2024;1.483
28901 Lozoyuela-Navas-Sieteiglesias;Total;2023;1.483
28901 Lozoyuela-Navas-Sieteiglesias;Total;2022;1.461
28901 Lozoyuela-Navas-Sieteiglesias;Total;2021;1.407
28901 Lozoyuela-Navas-Sieteiglesias;Total;2020;1.340
28901 Lozoyuela-Navas-Sieteiglesias;Total;2019;1.299
28901 Lozoyuela-Navas-Sieteiglesias;Total;2018;1.266
28901 Lozoyuela-Navas-Sieteiglesias;Total;2017;1.237
28901 Lozoyuela-Navas-Sieteiglesias;Total;2016;1.210
28901 Lozoyuela-Navas-Sieteiglesias;Total;2015;1.203
28078 Madarcos;Total;2024;70
28078 Madarcos;Total;2023;72
28078 Madarcos;Total;2022;63
28078 Madarcos;Total;2021;57
28078 Madarcos;Total;2020;49
28078 Madarcos;Total;2019;48
28078 Madarcos;Total;2018;47
28078 Madarcos;Total;2017;46
28078 Madarcos;Total;2016;47
28078 Madarcos;Total;2015;45
28079 Madrid;Total;2024;3.416.771
28079 Madrid;Total;2023;3.332.035
28079 Madrid;Total;2022;3.280.782
28079 Madrid;Total;2021;3.305.408
28079 Madrid;Total;2020;3.334.730
28079 Madrid;Total;2019;3.266.126
28079 Madrid;Total;2018;3.223.334
28079 Madrid;Total;2017;3.182.981
28079 Madrid;Total;2016;3.165.541
28079 Madrid;Total;2015;3.141.991
28080 Majadahonda;Total;2024;73.355
28080 Majadahonda;Total;2023;72.548
28080 Majadahonda;Total;2022;72.179
28080 Majadahonda;Total;2021;72.034
28080 Majadahonda;Total;2020;72.155
28080 Majadahonda;Total;2019;71.826
28080 Majadahonda;Total;2018;71.785
28080 Majadahonda;Total;2017;71.299
28080 Majadahonda;Total;2016;70.755
28080 Majadahonda;Total;2015;70.800
28082 Manzanares el Real;Total;2024;9.550
28082 Manzanares el Real;Total;2023;9.386
28082 Manzanares el Real;Total;2022;9.247
28082 Manzanares el Real;Total;2021;9.202
28082 Manzanares el Real;Total;2020;8.936
28082 Manzanares el Real;Total;2019;8.840
28082 Manzanares el Real;Total;2018;8.597
28082 Manzanares el Real;Total;2017;8.500
28082 Manzanares el Real;Total;2016;8.387
28082 Manzanares el Real;Total;2015;8.309
28083 Meco;Total;2024;15.732
28083 Meco;Total;2023;15.404
28083 Meco;Total;2022;15.143
28083 Meco;Total;2021;14.903
28083 Meco;Total;2020;14.670
28083 Meco;Total;2019;14.305
28083 Meco;Total;2018;13.959
28083 Meco;Total;2017;13.570
28083 Meco;Total;2016;13.426
28083 Meco;Total;2015;13.269
28084 Mejorada del Campo;Total;2024;24.659
28084 Mejorada del Campo;Total;2023;24.274
28084 Mejorada del Campo;Total;2022;23.897
28084 Mejorada del Campo;Total;2021;23.737
28084 Mejorada del Campo;Total;2020;23.639
28084 Mejorada del Campo;Total;2019;23.274
28084 Mejorada del Campo;Total;2018;23.241
28084 Mejorada del Campo;Total;2017;22.948
28084 Mejorada del Campo;Total;2016;22.900
28084 Mejorada del Campo;Total;2015;22.902
28085 Miraflores de la Sierra;Total;2024;7.139
28085 Miraflores de la Sierra;Total;2023;6.945
28085 Miraflores de la Sierra;Total;2022;6.711
28085 Miraflores de la Sierra;Total;2021;6.585
28085 Miraflores de la Sierra;Total;2020;6.362
28085 Miraflores de la Sierra;Total;2019;6.108
28085 Miraflores de la Sierra;Total;2018;5.897
28085 Miraflores de la Sierra;Total;2017;5.817
28085 Miraflores de la Sierra;Total;2016;5.754
28085 Miraflores de la Sierra;Total;2015;5.807
28086 Molar, El;Total;2024;10.052
28086 Molar, El;Total;2023;9.759
28086 Molar, El;Total;2022;9.437
28086 Molar, El;Total;2021;9.291
28086 Molar, El;Total;2020;9.287
28086 Molar, El;Total;2019;8.938
28086 Molar, El;Total;2018;8.666
28086 Molar, El;Total;2017;8.491
28086 Molar, El;Total;2016;8.263
28086 Molar, El;Total;2015;8.036
28087 Molinos, Los;Total;2024;4.731
28087 Molinos, Los;Total;2023;4.786
28087 Molinos, Los;Total;2022;4.699
28087 Molinos, Los;Total;2021;4.563
28087 Molinos, Los;Total;2020;4.433
28087 Molinos, Los;Total;2019;4.389
28087 Molinos, Los;Total;2018;4.328
28087 Molinos, Los;Total;2017;4.345
28087 Molinos, Los;Total;2016;4.373
28087 Molinos, Los;Total;2015;4.349
28088 Montejo de la Sierra;Total;2024;374
28088 Montejo de la Sierra;Total;2023;381
28088 Montejo de la Sierra;Total;2022;372
28088 Montejo de la Sierra;Total;2021;365
28088 Montejo de la Sierra;Total;2020;364
28088 Montejo de la Sierra;Total;2019;353
28088 Montejo de la Sierra;Total;2018;363
28088 Montejo de la Sierra;Total;2017;356
28088 Montejo de la Sierra;Total;2016;359
28088 Montejo de la Sierra;Total;2015;374
28089 Moraleja de Enmedio;Total;2024;5.576
28089 Moraleja de Enmedio;Total;2023;5.453
28089 Moraleja de Enmedio;Total;2022;5.368
28089 Moraleja de Enmedio;Total;2021;5.294
28089 Moraleja de Enmedio;Total;2020;5.200
28089 Moraleja de Enmedio;Total;2019;5.136
28089 Moraleja de Enmedio;Total;2018;5.021
28089 Moraleja de Enmedio;Total;2017;4.870
28089 Moraleja de Enmedio;Total;2016;4.984
28089 Moraleja de Enmedio;Total;2015;5.046
28090 Moralzarzal;Total;2024;14.586
28090 Moralzarzal;Total;2023;14.124
28090 Moralzarzal;Total;2022;13.905
28090 Moralzarzal;Total;2021;13.573
28090 Moralzarzal;Total;2020;13.334
28090 Moralzarzal;Total;2019;13.026
28090 Moralzarzal;Total;2018;12.697
28090 Moralzarzal;Total;2017;12.496
28090 Moralzarzal;Total;2016;12.372
28090 Moralzarzal;Total;2015;12.213
28091 Morata de Tajuþa;Total;2024;8.319
28091 Morata de Tajuþa;Total;2023;8.115
28091 Morata de Tajuþa;Total;2022;7.960
28091 Morata de Tajuþa;Total;2021;7.924
28091 Morata de Tajuþa;Total;2020;7.847
28091 Morata de Tajuþa;Total;2019;7.683
28091 Morata de Tajuþa;Total;2018;7.553
28091 Morata de Tajuþa;Total;2017;7.482
28091 Morata de Tajuþa;Total;2016;7.548
28091 Morata de Tajuþa;Total;2015;7.453
28092 Mµstoles;Total;2024;214.006
28092 Mµstoles;Total;2023;211.265
28092 Mµstoles;Total;2022;208.761
28092 Mµstoles;Total;2021;209.639
28092 Mµstoles;Total;2020;210.309
28092 Mµstoles;Total;2019;209.184
28092 Mµstoles;Total;2018;207.095
28092 Mµstoles;Total;2017;206.589
28092 Mµstoles;Total;2016;205.614
28092 Mµstoles;Total;2015;206.263
28093 Navacerrada;Total;2024;3.290
28093 Navacerrada;Total;2023;3.282
28093 Navacerrada;Total;2022;3.218
28093 Navacerrada;Total;2021;3.220
28093 Navacerrada;Total;2020;3.091
28093 Navacerrada;Total;2019;2.972
28093 Navacerrada;Total;2018;2.911
28093 Navacerrada;Total;2017;2.894
28093 Navacerrada;Total;2016;2.885
28093 Navacerrada;Total;2015;2.855
28094 Navalafuente;Total;2024;1.672
28094 Navalafuente;Total;2023;1.637
28094 Navalafuente;Total;2022;1.574
28094 Navalafuente;Total;2021;1.573
28094 Navalafuente;Total;2020;1.511
28094 Navalafuente;Total;2019;1.449
28094 Navalafuente;Total;2018;1.397
28094 Navalafuente;Total;2017;1.340
28094 Navalafuente;Total;2016;1.266
28094 Navalafuente;Total;2015;1.201
28095 Navalagamella;Total;2024;3.111
28095 Navalagamella;Total;2023;2.982
28095 Navalagamella;Total;2022;2.809
28095 Navalagamella;Total;2021;2.720
28095 Navalagamella;Total;2020;2.637
28095 Navalagamella;Total;2019;2.610
28095 Navalagamella;Total;2018;2.601
28095 Navalagamella;Total;2017;2.443
28095 Navalagamella;Total;2016;2.423
28095 Navalagamella;Total;2015;2.462
28096 Navalcarnero;Total;2024;32.683
28096 Navalcarnero;Total;2023;31.974
28096 Navalcarnero;Total;2022;31.379
28096 Navalcarnero;Total;2021;30.695
28096 Navalcarnero;Total;2020;29.985
28096 Navalcarnero;Total;2019;29.298
28096 Navalcarnero;Total;2018;28.305
28096 Navalcarnero;Total;2017;27.570
28096 Navalcarnero;Total;2016;26.954
28096 Navalcarnero;Total;2015;26.672
28097 Navarredonda y San MamÕs;Total;2024;151
28097 Navarredonda y San MamÕs;Total;2023;150
28097 Navarredonda y San MamÕs;Total;2022;138
28097 Navarredonda y San MamÕs;Total;2021;141
28097 Navarredonda y San MamÕs;Total;2020;129
28097 Navarredonda y San MamÕs;Total;2019;129
28097 Navarredonda y San MamÕs;Total;2018;122
28097 Navarredonda y San MamÕs;Total;2017;131
28097 Navarredonda y San MamÕs;Total;2016;132
28097 Navarredonda y San MamÕs;Total;2015;136
28099 Navas del Rey;Total;2024;3.347
28099 Navas del Rey;Total;2023;3.244
28099 Navas del Rey;Total;2022;3.134
28099 Navas del Rey;Total;2021;3.062
28099 Navas del Rey;Total;2020;2.966
28099 Navas del Rey;Total;2019;2.918
28099 Navas del Rey;Total;2018;2.819
28099 Navas del Rey;Total;2017;2.751
28099 Navas del Rey;Total;2016;2.659
28099 Navas del Rey;Total;2015;2.628
28100 Nuevo BaztÃn;Total;2024;7.339
28100 Nuevo BaztÃn;Total;2023;7.050
28100 Nuevo BaztÃn;Total;2022;6.760
28100 Nuevo BaztÃn;Total;2021;6.630
28100 Nuevo BaztÃn;Total;2020;6.454
28100 Nuevo BaztÃn;Total;2019;6.276
28100 Nuevo BaztÃn;Total;2018;6.154
28100 Nuevo BaztÃn;Total;2017;6.091
28100 Nuevo BaztÃn;Total;2016;6.018
28100 Nuevo BaztÃn;Total;2015;6.098
28101 Olmeda de las Fuentes;Total;2024;408
28101 Olmeda de las Fuentes;Total;2023;402
28101 Olmeda de las Fuentes;Total;2022;376
28101 Olmeda de las Fuentes;Total;2021;357
28101 Olmeda de las Fuentes;Total;2020;346
28101 Olmeda de las Fuentes;Total;2019;348
28101 Olmeda de las Fuentes;Total;2018;346
28101 Olmeda de las Fuentes;Total;2017;332
28101 Olmeda de las Fuentes;Total;2016;326
28101 Olmeda de las Fuentes;Total;2015;338
28102 Orusco de Tajuþa;Total;2024;1.511
28102 Orusco de Tajuþa;Total;2023;1.415
28102 Orusco de Tajuþa;Total;2022;1.326
28102 Orusco de Tajuþa;Total;2021;1.291
28102 Orusco de Tajuþa;Total;2020;1.295
28102 Orusco de Tajuþa;Total;2019;1.244
28102 Orusco de Tajuþa;Total;2018;1.202
28102 Orusco de Tajuþa;Total;2017;1.218
28102 Orusco de Tajuþa;Total;2016;1.225
28102 Orusco de Tajuþa;Total;2015;1.260
28104 Paracuellos de Jarama;Total;2024;27.238
28104 Paracuellos de Jarama;Total;2023;27.000
28104 Paracuellos de Jarama;Total;2022;26.450
28104 Paracuellos de Jarama;Total;2021;26.235
28104 Paracuellos de Jarama;Total;2020;25.917
28104 Paracuellos de Jarama;Total;2019;25.269
28104 Paracuellos de Jarama;Total;2018;24.521
28104 Paracuellos de Jarama;Total;2017;23.905
28104 Paracuellos de Jarama;Total;2016;23.104
28104 Paracuellos de Jarama;Total;2015;22.293
28106 Parla;Total;2024;134.833
28106 Parla;Total;2023;133.004
28106 Parla;Total;2022;130.577
28106 Parla;Total;2021;131.689
28106 Parla;Total;2020;133.482
28106 Parla;Total;2019;130.124
28106 Parla;Total;2018;128.256
28106 Parla;Total;2017;125.898
28106 Parla;Total;2016;124.661
28106 Parla;Total;2015;125.056
28107 Patones;Total;2024;602
28107 Patones;Total;2023;566
28107 Patones;Total;2022;536
28107 Patones;Total;2021;524
28107 Patones;Total;2020;539
28107 Patones;Total;2019;541
28107 Patones;Total;2018;523
28107 Patones;Total;2017;553
28107 Patones;Total;2016;537
28107 Patones;Total;2015;524
28108 Pedrezuela;Total;2024;6.467
28108 Pedrezuela;Total;2023;6.400
28108 Pedrezuela;Total;2022;6.307
28108 Pedrezuela;Total;2021;6.226
28108 Pedrezuela;Total;2020;6.150
28108 Pedrezuela;Total;2019;5.892
28108 Pedrezuela;Total;2018;5.746
28108 Pedrezuela;Total;2017;5.613
28108 Pedrezuela;Total;2016;5.456
28108 Pedrezuela;Total;2015;5.271
28109 Pelayos de la Presa;Total;2024;3.136
28109 Pelayos de la Presa;Total;2023;2.982
28109 Pelayos de la Presa;Total;2022;2.867
28109 Pelayos de la Presa;Total;2021;2.827
28109 Pelayos de la Presa;Total;2020;2.676
28109 Pelayos de la Presa;Total;2019;2.596
28109 Pelayos de la Presa;Total;2018;2.475
28109 Pelayos de la Presa;Total;2017;2.468
28109 Pelayos de la Presa;Total;2016;2.471
28109 Pelayos de la Presa;Total;2015;2.455
28110 Perales de Tajuþa;Total;2024;3.207
28110 Perales de Tajuþa;Total;2023;3.176
28110 Perales de Tajuþa;Total;2022;3.117
28110 Perales de Tajuþa;Total;2021;3.059
28110 Perales de Tajuþa;Total;2020;2.990
28110 Perales de Tajuþa;Total;2019;2.935
28110 Perales de Tajuþa;Total;2018;2.831
28110 Perales de Tajuþa;Total;2017;2.817
28110 Perales de Tajuþa;Total;2016;2.799
28110 Perales de Tajuþa;Total;2015;2.871
28111 Pezuela de las Torres;Total;2024;989
28111 Pezuela de las Torres;Total;2023;977
28111 Pezuela de las Torres;Total;2022;931
28111 Pezuela de las Torres;Total;2021;927
28111 Pezuela de las Torres;Total;2020;867
28111 Pezuela de las Torres;Total;2019;842
28111 Pezuela de las Torres;Total;2018;821
28111 Pezuela de las Torres;Total;2017;816
28111 Pezuela de las Torres;Total;2016;793
28111 Pezuela de las Torres;Total;2015;783
28112 Pinilla del Valle;Total;2024;200
28112 Pinilla del Valle;Total;2023;204
28112 Pinilla del Valle;Total;2022;198
28112 Pinilla del Valle;Total;2021;196
28112 Pinilla del Valle;Total;2020;190
28112 Pinilla del Valle;Total;2019;191
28112 Pinilla del Valle;Total;2018;187
28112 Pinilla del Valle;Total;2017;185
28112 Pinilla del Valle;Total;2016;192
28112 Pinilla del Valle;Total;2015;200
28113 Pinto;Total;2024;56.003
28113 Pinto;Total;2023;55.208
28113 Pinto;Total;2022;54.088
28113 Pinto;Total;2021;53.537
28113 Pinto;Total;2020;53.325
28113 Pinto;Total;2019;52.526
28113 Pinto;Total;2018;51.541
28113 Pinto;Total;2017;50.442
28113 Pinto;Total;2016;49.522
28113 Pinto;Total;2015;48.660
28114 PiþuÕcar-Gandullas;Total;2024;185
28114 PiþuÕcar-Gandullas;Total;2023;178
28114 PiþuÕcar-Gandullas;Total;2022;184
28114 PiþuÕcar-Gandullas;Total;2021;185
28114 PiþuÕcar-Gandullas;Total;2020;179
28114 PiþuÕcar-Gandullas;Total;2019;185
28114 PiþuÕcar-Gandullas;Total;2018;171
28114 PiþuÕcar-Gandullas;Total;2017;183
28114 PiþuÕcar-Gandullas;Total;2016;185
28114 PiþuÕcar-Gandullas;Total;2015;175
28115 Pozuelo de Alarcµn;Total;2024;89.378
28115 Pozuelo de Alarcµn;Total;2023;88.784
28115 Pozuelo de Alarcµn;Total;2022;87.728
28115 Pozuelo de Alarcµn;Total;2021;87.134
28115 Pozuelo de Alarcµn;Total;2020;87.165
28115 Pozuelo de Alarcµn;Total;2019;86.422
28115 Pozuelo de Alarcµn;Total;2018;86.172
28115 Pozuelo de Alarcµn;Total;2017;85.605
28115 Pozuelo de Alarcµn;Total;2016;84.989
28115 Pozuelo de Alarcµn;Total;2015;84.558
28116 Pozuelo del Rey;Total;2024;1.292
28116 Pozuelo del Rey;Total;2023;1.254
28116 Pozuelo del Rey;Total;2022;1.178
28116 Pozuelo del Rey;Total;2021;1.190
28116 Pozuelo del Rey;Total;2020;1.172
28116 Pozuelo del Rey;Total;2019;1.147
28116 Pozuelo del Rey;Total;2018;1.120
28116 Pozuelo del Rey;Total;2017;1.099
28116 Pozuelo del Rey;Total;2016;1.073
28116 Pozuelo del Rey;Total;2015;1.071
28117 PrÃdena del Rincµn;Total;2024;139
28117 PrÃdena del Rincµn;Total;2023;150
28117 PrÃdena del Rincµn;Total;2022;147
28117 PrÃdena del Rincµn;Total;2021;149
28117 PrÃdena del Rincµn;Total;2020;125
28117 PrÃdena del Rincµn;Total;2019;117
28117 PrÃdena del Rincµn;Total;2018;117
28117 PrÃdena del Rincµn;Total;2017;132
28117 PrÃdena del Rincµn;Total;2016;134
28117 PrÃdena del Rincµn;Total;2015;122
28118 Puebla de la Sierra;Total;2024;93
28118 Puebla de la Sierra;Total;2023;99
28118 Puebla de la Sierra;Total;2022;84
28118 Puebla de la Sierra;Total;2021;75
28118 Puebla de la Sierra;Total;2020;73
28118 Puebla de la Sierra;Total;2019;65
28118 Puebla de la Sierra;Total;2018;60
28118 Puebla de la Sierra;Total;2017;61
28118 Puebla de la Sierra;Total;2016;66
28118 Puebla de la Sierra;Total;2015;73
28902 Puentes Viejas;Total;2024;775
28902 Puentes Viejas;Total;2023;760
28902 Puentes Viejas;Total;2022;697
28902 Puentes Viejas;Total;2021;719
28902 Puentes Viejas;Total;2020;699
28902 Puentes Viejas;Total;2019;679
28902 Puentes Viejas;Total;2018;642
28902 Puentes Viejas;Total;2017;632
28902 Puentes Viejas;Total;2016;627
28902 Puentes Viejas;Total;2015;644
28119 Quijorna;Total;2024;4.001
28119 Quijorna;Total;2023;3.863
28119 Quijorna;Total;2022;3.683
28119 Quijorna;Total;2021;3.593
28119 Quijorna;Total;2020;3.541
28119 Quijorna;Total;2019;3.439
28119 Quijorna;Total;2018;3.357
28119 Quijorna;Total;2017;3.282
28119 Quijorna;Total;2016;3.239
28119 Quijorna;Total;2015;3.196
28120 RascafrÚa;Total;2024;1.707
28120 RascafrÚa;Total;2023;1.736
28120 RascafrÚa;Total;2022;1.736
28120 RascafrÚa;Total;2021;1.754
28120 RascafrÚa;Total;2020;1.725
28120 RascafrÚa;Total;2019;1.664
28120 RascafrÚa;Total;2018;1.663
28120 RascafrÚa;Total;2017;1.672
28120 RascafrÚa;Total;2016;1.692
28120 RascafrÚa;Total;2015;1.739
28121 Redueþa;Total;2024;288
28121 Redueþa;Total;2023;304
28121 Redueþa;Total;2022;298
28121 Redueþa;Total;2021;294
28121 Redueþa;Total;2020;270
28121 Redueþa;Total;2019;260
28121 Redueþa;Total;2018;247
28121 Redueþa;Total;2017;248
28121 Redueþa;Total;2016;261
28121 Redueþa;Total;2015;259
28122 Ribatejada;Total;2024;900
28122 Ribatejada;Total;2023;912
28122 Ribatejada;Total;2022;871
28122 Ribatejada;Total;2021;863
28122 Ribatejada;Total;2020;801
28122 Ribatejada;Total;2019;783
28122 Ribatejada;Total;2018;706
28122 Ribatejada;Total;2017;702
28122 Ribatejada;Total;2016;689
28122 Ribatejada;Total;2015;707
28123 Rivas-Vaciamadrid;Total;2024;101.949
28123 Rivas-Vaciamadrid;Total;2023;100.275
28123 Rivas-Vaciamadrid;Total;2022;96.690
28123 Rivas-Vaciamadrid;Total;2021;92.925
28123 Rivas-Vaciamadrid;Total;2020;90.973
28123 Rivas-Vaciamadrid;Total;2019;88.150
28123 Rivas-Vaciamadrid;Total;2018;85.893
28123 Rivas-Vaciamadrid;Total;2017;83.767
28123 Rivas-Vaciamadrid;Total;2016;82.715
28123 Rivas-Vaciamadrid;Total;2015;81.473
28124 Robledillo de la Jara;Total;2024;131
28124 Robledillo de la Jara;Total;2023;135
28124 Robledillo de la Jara;Total;2022;114
28124 Robledillo de la Jara;Total;2021;97
28124 Robledillo de la Jara;Total;2020;95
28124 Robledillo de la Jara;Total;2019;80
28124 Robledillo de la Jara;Total;2018;87
28124 Robledillo de la Jara;Total;2017;87
28124 Robledillo de la Jara;Total;2016;99
28124 Robledillo de la Jara;Total;2015;100
28125 Robledo de Chavela;Total;2024;4.725
28125 Robledo de Chavela;Total;2023;4.705
28125 Robledo de Chavela;Total;2022;4.587
28125 Robledo de Chavela;Total;2021;4.479
28125 Robledo de Chavela;Total;2020;4.364
28125 Robledo de Chavela;Total;2019;4.270
28125 Robledo de Chavela;Total;2018;4.159
28125 Robledo de Chavela;Total;2017;4.073
28125 Robledo de Chavela;Total;2016;4.001
28125 Robledo de Chavela;Total;2015;3.955
28126 Robregordo;Total;2024;73
28126 Robregordo;Total;2023;79
28126 Robregordo;Total;2022;70
28126 Robregordo;Total;2021;71
28126 Robregordo;Total;2020;65
28126 Robregordo;Total;2019;58
28126 Robregordo;Total;2018;48
28126 Robregordo;Total;2017;44
28126 Robregordo;Total;2016;45
28126 Robregordo;Total;2015;48
28127 Rozas de Madrid, Las;Total;2024;98.590
28127 Rozas de Madrid, Las;Total;2023;98.086
28127 Rozas de Madrid, Las;Total;2022;95.725
28127 Rozas de Madrid, Las;Total;2021;94.862
28127 Rozas de Madrid, Las;Total;2020;96.113
28127 Rozas de Madrid, Las;Total;2019;95.814
28127 Rozas de Madrid, Las;Total;2018;95.550
28127 Rozas de Madrid, Las;Total;2017;95.071
28127 Rozas de Madrid, Las;Total;2016;94.471
28127 Rozas de Madrid, Las;Total;2015;93.520
28128 Rozas de Puerto Real;Total;2024;580
28128 Rozas de Puerto Real;Total;2023;578
28128 Rozas de Puerto Real;Total;2022;577
28128 Rozas de Puerto Real;Total;2021;590
28128 Rozas de Puerto Real;Total;2020;555
28128 Rozas de Puerto Real;Total;2019;530
28128 Rozas de Puerto Real;Total;2018;527
28128 Rozas de Puerto Real;Total;2017;534
28128 Rozas de Puerto Real;Total;2016;533
28128 Rozas de Puerto Real;Total;2015;523
28129 San AgustÚn del Guadalix;Total;2024;13.762
28129 San AgustÚn del Guadalix;Total;2023;13.650
28129 San AgustÚn del Guadalix;Total;2022;13.608
28129 San AgustÚn del Guadalix;Total;2021;13.538
28129 San AgustÚn del Guadalix;Total;2020;13.466
28129 San AgustÚn del Guadalix;Total;2019;13.379
28129 San AgustÚn del Guadalix;Total;2018;13.273
28129 San AgustÚn del Guadalix;Total;2017;13.103
28129 San AgustÚn del Guadalix;Total;2016;12.862
28129 San AgustÚn del Guadalix;Total;2015;12.982
28130 San Fernando de Henares;Total;2024;38.980
28130 San Fernando de Henares;Total;2023;38.974
28130 San Fernando de Henares;Total;2022;38.904
28130 San Fernando de Henares;Total;2021;39.313
28130 San Fernando de Henares;Total;2020;39.566
28130 San Fernando de Henares;Total;2019;39.432
28130 San Fernando de Henares;Total;2018;39.466
28130 San Fernando de Henares;Total;2017;39.681
28130 San Fernando de Henares;Total;2016;40.095
28130 San Fernando de Henares;Total;2015;40.188
28131 San Lorenzo de El Escorial;Total;2024;18.735
28131 San Lorenzo de El Escorial;Total;2023;18.489
28131 San Lorenzo de El Escorial;Total;2022;18.423
28131 San Lorenzo de El Escorial;Total;2021;18.454
28131 San Lorenzo de El Escorial;Total;2020;18.532
28131 San Lorenzo de El Escorial;Total;2019;18.369
28131 San Lorenzo de El Escorial;Total;2018;18.088
28131 San Lorenzo de El Escorial;Total;2017;18.024
28131 San Lorenzo de El Escorial;Total;2016;18.038
28131 San Lorenzo de El Escorial;Total;2015;18.191
28132 San MartÚn de la Vega;Total;2024;20.733
28132 San MartÚn de la Vega;Total;2023;20.304
28132 San MartÚn de la Vega;Total;2022;19.927
28132 San MartÚn de la Vega;Total;2021;19.853
28132 San MartÚn de la Vega;Total;2020;19.633
28132 San MartÚn de la Vega;Total;2019;19.170
28132 San MartÚn de la Vega;Total;2018;18.784
28132 San MartÚn de la Vega;Total;2017;18.824
28132 San MartÚn de la Vega;Total;2016;18.734
28132 San MartÚn de la Vega;Total;2015;18.835
28133 San MartÚn de Valdeiglesias;Total;2024;9.159
28133 San MartÚn de Valdeiglesias;Total;2023;9.003
28133 San MartÚn de Valdeiglesias;Total;2022;8.812
28133 San MartÚn de Valdeiglesias;Total;2021;8.760
28133 San MartÚn de Valdeiglesias;Total;2020;8.679
28133 San MartÚn de Valdeiglesias;Total;2019;8.459
28133 San MartÚn de Valdeiglesias;Total;2018;8.318
28133 San MartÚn de Valdeiglesias;Total;2017;8.298
28133 San MartÚn de Valdeiglesias;Total;2016;8.344
28133 San MartÚn de Valdeiglesias;Total;2015;8.463
28134 San SebastiÃn de los Reyes;Total;2024;94.969
28134 San SebastiÃn de los Reyes;Total;2023;92.734
28134 San SebastiÃn de los Reyes;Total;2022;91.083
28134 San SebastiÃn de los Reyes;Total;2021;90.962
28134 San SebastiÃn de los Reyes;Total;2020;91.224
28134 San SebastiÃn de los Reyes;Total;2019;89.276
28134 San SebastiÃn de los Reyes;Total;2018;87.724
28134 San SebastiÃn de los Reyes;Total;2017;86.707
28134 San SebastiÃn de los Reyes;Total;2016;86.206
28134 San SebastiÃn de los Reyes;Total;2015;84.944
28135 Santa MarÚa de la Alameda;Total;2024;1.517
28135 Santa MarÚa de la Alameda;Total;2023;1.517
28135 Santa MarÚa de la Alameda;Total;2022;1.499
28135 Santa MarÚa de la Alameda;Total;2021;1.436
28135 Santa MarÚa de la Alameda;Total;2020;1.321
28135 Santa MarÚa de la Alameda;Total;2019;1.254
28135 Santa MarÚa de la Alameda;Total;2018;1.182
28135 Santa MarÚa de la Alameda;Total;2017;1.163
28135 Santa MarÚa de la Alameda;Total;2016;1.177
28135 Santa MarÚa de la Alameda;Total;2015;1.199
28136 Santorcaz;Total;2024;999
28136 Santorcaz;Total;2023;942
28136 Santorcaz;Total;2022;941
28136 Santorcaz;Total;2021;925
28136 Santorcaz;Total;2020;899
28136 Santorcaz;Total;2019;886
28136 Santorcaz;Total;2018;850
28136 Santorcaz;Total;2017;856
28136 Santorcaz;Total;2016;851
28136 Santorcaz;Total;2015;849
28137 Santos de la Humosa, Los;Total;2024;2.785
28137 Santos de la Humosa, Los;Total;2023;2.772
28137 Santos de la Humosa, Los;Total;2022;2.751
28137 Santos de la Humosa, Los;Total;2021;2.729
28137 Santos de la Humosa, Los;Total;2020;2.694
28137 Santos de la Humosa, Los;Total;2019;2.590
28137 Santos de la Humosa, Los;Total;2018;2.542
28137 Santos de la Humosa, Los;Total;2017;2.486
28137 Santos de la Humosa, Los;Total;2016;2.435
28137 Santos de la Humosa, Los;Total;2015;2.389
28138 Serna del Monte, La;Total;2024;105
28138 Serna del Monte, La;Total;2023;106
28138 Serna del Monte, La;Total;2022;108
28138 Serna del Monte, La;Total;2021;96
28138 Serna del Monte, La;Total;2020;87
28138 Serna del Monte, La;Total;2019;81
28138 Serna del Monte, La;Total;2018;74
28138 Serna del Monte, La;Total;2017;73
28138 Serna del Monte, La;Total;2016;77
28138 Serna del Monte, La;Total;2015;86
28140 Serranillos del Valle;Total;2024;4.634
28140 Serranillos del Valle;Total;2023;4.625
28140 Serranillos del Valle;Total;2022;4.509
28140 Serranillos del Valle;Total;2021;4.429
28140 Serranillos del Valle;Total;2020;4.291
28140 Serranillos del Valle;Total;2019;4.165
28140 Serranillos del Valle;Total;2018;4.066
28140 Serranillos del Valle;Total;2017;3.967
28140 Serranillos del Valle;Total;2016;3.990
28140 Serranillos del Valle;Total;2015;3.994
28141 Sevilla la Nueva;Total;2024;9.657
28141 Sevilla la Nueva;Total;2023;9.551
28141 Sevilla la Nueva;Total;2022;9.361
28141 Sevilla la Nueva;Total;2021;9.345
28141 Sevilla la Nueva;Total;2020;9.393
28141 Sevilla la Nueva;Total;2019;9.318
28141 Sevilla la Nueva;Total;2018;9.095
28141 Sevilla la Nueva;Total;2017;9.093
28141 Sevilla la Nueva;Total;2016;8.905
28141 Sevilla la Nueva;Total;2015;8.902
28143 Somosierra;Total;2024;95
28143 Somosierra;Total;2023;85
28143 Somosierra;Total;2022;87
28143 Somosierra;Total;2021;87
28143 Somosierra;Total;2020;87
28143 Somosierra;Total;2019;86
28143 Somosierra;Total;2018;80
28143 Somosierra;Total;2017;77
28143 Somosierra;Total;2016;77
28143 Somosierra;Total;2015;73
28144 Soto del Real;Total;2024;9.441
28144 Soto del Real;Total;2023;9.399
28144 Soto del Real;Total;2022;9.188
28144 Soto del Real;Total;2021;9.091
28144 Soto del Real;Total;2020;8.981
28144 Soto del Real;Total;2019;8.799
28144 Soto del Real;Total;2018;8.694
28144 Soto del Real;Total;2017;8.607
28144 Soto del Real;Total;2016;8.483
28144 Soto del Real;Total;2015;8.456
28145 Talamanca de Jarama;Total;2024;4.533
28145 Talamanca de Jarama;Total;2023;4.355
28145 Talamanca de Jarama;Total;2022;4.210
28145 Talamanca de Jarama;Total;2021;4.123
28145 Talamanca de Jarama;Total;2020;4.012
28145 Talamanca de Jarama;Total;2019;3.857
28145 Talamanca de Jarama;Total;2018;3.725
28145 Talamanca de Jarama;Total;2017;3.573
28145 Talamanca de Jarama;Total;2016;3.451
28145 Talamanca de Jarama;Total;2015;3.371
28146 Tielmes;Total;2024;2.810
28146 Tielmes;Total;2023;2.742
28146 Tielmes;Total;2022;2.783
28146 Tielmes;Total;2021;2.781
28146 Tielmes;Total;2020;2.736
28146 Tielmes;Total;2019;2.650
28146 Tielmes;Total;2018;2.604
28146 Tielmes;Total;2017;2.610
28146 Tielmes;Total;2016;2.620
28146 Tielmes;Total;2015;2.585
28147 Titulcia;Total;2024;1.387
28147 Titulcia;Total;2023;1.362
28147 Titulcia;Total;2022;1.336
28147 Titulcia;Total;2021;1.360
28147 Titulcia;Total;2020;1.341
28147 Titulcia;Total;2019;1.313
28147 Titulcia;Total;2018;1.304
28147 Titulcia;Total;2017;1.274
28147 Titulcia;Total;2016;1.258
28147 Titulcia;Total;2015;1.234
28148 Torrejµn de Ardoz;Total;2024;140.626
28148 Torrejµn de Ardoz;Total;2023;137.711
28148 Torrejµn de Ardoz;Total;2022;134.733
28148 Torrejµn de Ardoz;Total;2021;132.771
28148 Torrejµn de Ardoz;Total;2020;132.853
28148 Torrejµn de Ardoz;Total;2019;131.376
28148 Torrejµn de Ardoz;Total;2018;129.729
28148 Torrejµn de Ardoz;Total;2017;128.013
28148 Torrejµn de Ardoz;Total;2016;126.981
28148 Torrejµn de Ardoz;Total;2015;126.934
28149 Torrejµn de la Calzada;Total;2024;10.378
28149 Torrejµn de la Calzada;Total;2023;10.222
28149 Torrejµn de la Calzada;Total;2022;9.947
28149 Torrejµn de la Calzada;Total;2021;9.549
28149 Torrejµn de la Calzada;Total;2020;9.194
28149 Torrejµn de la Calzada;Total;2019;8.872
28149 Torrejµn de la Calzada;Total;2018;8.582
28149 Torrejµn de la Calzada;Total;2017;8.418
28149 Torrejµn de la Calzada;Total;2016;8.171
28149 Torrejµn de la Calzada;Total;2015;7.901
28150 Torrejµn de Velasco;Total;2024;4.893
28150 Torrejµn de Velasco;Total;2023;4.756
28150 Torrejµn de Velasco;Total;2022;4.685
28150 Torrejµn de Velasco;Total;2021;4.594
28150 Torrejµn de Velasco;Total;2020;4.386
28150 Torrejµn de Velasco;Total;2019;4.382
28150 Torrejµn de Velasco;Total;2018;4.298
28150 Torrejµn de Velasco;Total;2017;4.261
28150 Torrejµn de Velasco;Total;2016;4.243
28150 Torrejµn de Velasco;Total;2015;4.224
28151 Torrelaguna;Total;2024;4.991
28151 Torrelaguna;Total;2023;4.949
28151 Torrelaguna;Total;2022;4.940
28151 Torrelaguna;Total;2021;4.897
28151 Torrelaguna;Total;2020;4.854
28151 Torrelaguna;Total;2019;4.760
28151 Torrelaguna;Total;2018;4.724
28151 Torrelaguna;Total;2017;4.712
28151 Torrelaguna;Total;2016;4.697
28151 Torrelaguna;Total;2015;4.788
28152 Torrelodones;Total;2024;25.316
28152 Torrelodones;Total;2023;25.115
28152 Torrelodones;Total;2022;24.775
28152 Torrelodones;Total;2021;24.122
28152 Torrelodones;Total;2020;23.902
28152 Torrelodones;Total;2019;23.717
28152 Torrelodones;Total;2018;23.361
28152 Torrelodones;Total;2017;23.128
28152 Torrelodones;Total;2016;23.123
28152 Torrelodones;Total;2015;23.117
28153 Torremocha de Jarama;Total;2024;1.132
28153 Torremocha de Jarama;Total;2023;1.144
28153 Torremocha de Jarama;Total;2022;1.097
28153 Torremocha de Jarama;Total;2021;1.079
28153 Torremocha de Jarama;Total;2020;1.075
28153 Torremocha de Jarama;Total;2019;1.019
28153 Torremocha de Jarama;Total;2018;975
28153 Torremocha de Jarama;Total;2017;942
28153 Torremocha de Jarama;Total;2016;906
28153 Torremocha de Jarama;Total;2015;948
28154 Torres de la Alameda;Total;2024;7.758
28154 Torres de la Alameda;Total;2023;7.737
28154 Torres de la Alameda;Total;2022;7.714
28154 Torres de la Alameda;Total;2021;7.729
28154 Torres de la Alameda;Total;2020;7.833
28154 Torres de la Alameda;Total;2019;7.779
28154 Torres de la Alameda;Total;2018;7.760
28154 Torres de la Alameda;Total;2017;7.825
28154 Torres de la Alameda;Total;2016;7.769
28154 Torres de la Alameda;Total;2015;7.877
28903 Tres Cantos;Total;2024;52.932
28903 Tres Cantos;Total;2023;51.453
28903 Tres Cantos;Total;2022;50.187
28903 Tres Cantos;Total;2021;48.751
28903 Tres Cantos;Total;2020;48.326
28903 Tres Cantos;Total;2019;47.722
28903 Tres Cantos;Total;2018;46.750
28903 Tres Cantos;Total;2017;46.046
28903 Tres Cantos;Total;2016;44.764
28903 Tres Cantos;Total;2015;43.309
28155 Valdaracete;Total;2024;645
28155 Valdaracete;Total;2023;633
28155 Valdaracete;Total;2022;627
28155 Valdaracete;Total;2021;612
28155 Valdaracete;Total;2020;605
28155 Valdaracete;Total;2019;609
28155 Valdaracete;Total;2018;626
28155 Valdaracete;Total;2017;643
28155 Valdaracete;Total;2016;641
28155 Valdaracete;Total;2015;639
28156 Valdeavero;Total;2024;1.823
28156 Valdeavero;Total;2023;1.782
28156 Valdeavero;Total;2022;1.701
28156 Valdeavero;Total;2021;1.670
28156 Valdeavero;Total;2020;1.591
28156 Valdeavero;Total;2019;1.554
28156 Valdeavero;Total;2018;1.510
28156 Valdeavero;Total;2017;1.450
28156 Valdeavero;Total;2016;1.407
28156 Valdeavero;Total;2015;1.451
28157 Valdelaguna;Total;2024;1.094
28157 Valdelaguna;Total;2023;1.045
28157 Valdelaguna;Total;2022;1.016
28157 Valdelaguna;Total;2021;1.026
28157 Valdelaguna;Total;2020;979
28157 Valdelaguna;Total;2019;937
28157 Valdelaguna;Total;2018;903
28157 Valdelaguna;Total;2017;867
28157 Valdelaguna;Total;2016;841
28157 Valdelaguna;Total;2015;837
28158 Valdemanco;Total;2024;1.052
28158 Valdemanco;Total;2023;1.066
28158 Valdemanco;Total;2022;1.033
28158 Valdemanco;Total;2021;1.012
28158 Valdemanco;Total;2020;963
28158 Valdemanco;Total;2019;914
28158 Valdemanco;Total;2018;927
28158 Valdemanco;Total;2017;916
28158 Valdemanco;Total;2016;911
28158 Valdemanco;Total;2015;922
28159 Valdemaqueda;Total;2024;833
28159 Valdemaqueda;Total;2023;820
28159 Valdemaqueda;Total;2022;798
28159 Valdemaqueda;Total;2021;789
28159 Valdemaqueda;Total;2020;775
28159 Valdemaqueda;Total;2019;781
28159 Valdemaqueda;Total;2018;761
28159 Valdemaqueda;Total;2017;768
28159 Valdemaqueda;Total;2016;779
28159 Valdemaqueda;Total;2015;786
28160 Valdemorillo;Total;2024;14.164
28160 Valdemorillo;Total;2023;13.651
28160 Valdemorillo;Total;2022;13.453
28160 Valdemorillo;Total;2021;13.245
28160 Valdemorillo;Total;2020;12.772
28160 Valdemorillo;Total;2019;12.518
28160 Valdemorillo;Total;2018;12.280
28160 Valdemorillo;Total;2017;12.300
28160 Valdemorillo;Total;2016;12.168
28160 Valdemorillo;Total;2015;12.173
28161 Valdemoro;Total;2024;83.507
28161 Valdemoro;Total;2023;81.394
28161 Valdemoro;Total;2022;79.100
28161 Valdemoro;Total;2021;77.587
28161 Valdemoro;Total;2020;77.270
28161 Valdemoro;Total;2019;75.983
28161 Valdemoro;Total;2018;74.745
28161 Valdemoro;Total;2017;73.976
28161 Valdemoro;Total;2016;72.988
28161 Valdemoro;Total;2015;72.854
28162 Valdeolmos-Alalpardo;Total;2024;4.568
28162 Valdeolmos-Alalpardo;Total;2023;4.523
28162 Valdeolmos-Alalpardo;Total;2022;4.396
28162 Valdeolmos-Alalpardo;Total;2021;4.309
28162 Valdeolmos-Alalpardo;Total;2020;4.232
28162 Valdeolmos-Alalpardo;Total;2019;4.136
28162 Valdeolmos-Alalpardo;Total;2018;4.039
28162 Valdeolmos-Alalpardo;Total;2017;3.906
28162 Valdeolmos-Alalpardo;Total;2016;3.880
28162 Valdeolmos-Alalpardo;Total;2015;3.785
28163 ValdepiÕlagos;Total;2024;619
28163 ValdepiÕlagos;Total;2023;623
28163 ValdepiÕlagos;Total;2022;621
28163 ValdepiÕlagos;Total;2021;612
28163 ValdepiÕlagos;Total;2020;614
28163 ValdepiÕlagos;Total;2019;584
28163 ValdepiÕlagos;Total;2018;574
28163 ValdepiÕlagos;Total;2017;587
28163 ValdepiÕlagos;Total;2016;574
28163 ValdepiÕlagos;Total;2015;566
28164 Valdetorres de Jarama;Total;2024;5.026
28164 Valdetorres de Jarama;Total;2023;4.990
28164 Valdetorres de Jarama;Total;2022;4.830
28164 Valdetorres de Jarama;Total;2021;4.696
28164 Valdetorres de Jarama;Total;2020;4.581
28164 Valdetorres de Jarama;Total;2019;4.497
28164 Valdetorres de Jarama;Total;2018;4.384
28164 Valdetorres de Jarama;Total;2017;4.316
28164 Valdetorres de Jarama;Total;2016;4.260
28164 Valdetorres de Jarama;Total;2015;4.234
28165 Valdilecha;Total;2024;3.213
28165 Valdilecha;Total;2023;3.191
28165 Valdilecha;Total;2022;3.104
28165 Valdilecha;Total;2021;3.079
28165 Valdilecha;Total;2020;2.982
28165 Valdilecha;Total;2019;2.933
28165 Valdilecha;Total;2018;2.840
28165 Valdilecha;Total;2017;2.755
28165 Valdilecha;Total;2016;2.749
28165 Valdilecha;Total;2015;2.838
28166 Valverde de AlcalÃ;Total;2024;553
28166 Valverde de AlcalÃ;Total;2023;535
28166 Valverde de AlcalÃ;Total;2022;532
28166 Valverde de AlcalÃ;Total;2021;518
28166 Valverde de AlcalÃ;Total;2020;498
28166 Valverde de AlcalÃ;Total;2019;465
28166 Valverde de AlcalÃ;Total;2018;432
28166 Valverde de AlcalÃ;Total;2017;427
28166 Valverde de AlcalÃ;Total;2016;430
28166 Valverde de AlcalÃ;Total;2015;441
28167 Velilla de San Antonio;Total;2024;14.003
28167 Velilla de San Antonio;Total;2023;13.376
28167 Velilla de San Antonio;Total;2022;12.770
28167 Velilla de San Antonio;Total;2021;12.543
28167 Velilla de San Antonio;Total;2020;12.380
28167 Velilla de San Antonio;Total;2019;12.236
28167 Velilla de San Antonio;Total;2018;12.193
28167 Velilla de San Antonio;Total;2017;12.111
28167 Velilla de San Antonio;Total;2016;12.222
28167 Velilla de San Antonio;Total;2015;12.382
28168 Vellµn, El;Total;2024;2.166
28168 Vellµn, El;Total;2023;2.200
28168 Vellµn, El;Total;2022;2.124
28168 Vellµn, El;Total;2021;2.083
28168 Vellµn, El;Total;2020;2.004
28168 Vellµn, El;Total;2019;1.958
28168 Vellµn, El;Total;2018;1.942
28168 Vellµn, El;Total;2017;1.834
28168 Vellµn, El;Total;2016;1.846
28168 Vellµn, El;Total;2015;1.803
28169 Venturada;Total;2024;2.559
28169 Venturada;Total;2023;2.554
28169 Venturada;Total;2022;2.445
28169 Venturada;Total;2021;2.387
28169 Venturada;Total;2020;2.241
28169 Venturada;Total;2019;2.163
28169 Venturada;Total;2018;2.081
28169 Venturada;Total;2017;2.032
28169 Venturada;Total;2016;2.014
28169 Venturada;Total;2015;1.991
28171 Villa del Prado;Total;2024;7.437
28171 Villa del Prado;Total;2023;7.273
28171 Villa del Prado;Total;2022;7.092
28171 Villa del Prado;Total;2021;6.837
28171 Villa del Prado;Total;2020;6.661
28171 Villa del Prado;Total;2019;6.520
28171 Villa del Prado;Total;2018;6.409
28171 Villa del Prado;Total;2017;6.337
28171 Villa del Prado;Total;2016;6.295
28171 Villa del Prado;Total;2015;6.414
28170 Villaconejos;Total;2024;3.508
28170 Villaconejos;Total;2023;3.499
28170 Villaconejos;Total;2022;3.456
28170 Villaconejos;Total;2021;3.464
28170 Villaconejos;Total;2020;3.422
28170 Villaconejos;Total;2019;3.388
28170 Villaconejos;Total;2018;3.363
28170 Villaconejos;Total;2017;3.350
28170 Villaconejos;Total;2016;3.350
28170 Villaconejos;Total;2015;3.405
28172 Villalbilla;Total;2024;18.000
28172 Villalbilla;Total;2023;16.823
28172 Villalbilla;Total;2022;15.866
28172 Villalbilla;Total;2021;15.049
28172 Villalbilla;Total;2020;14.392
28172 Villalbilla;Total;2019;13.878
28172 Villalbilla;Total;2018;13.421
28172 Villalbilla;Total;2017;13.038
28172 Villalbilla;Total;2016;12.719
28172 Villalbilla;Total;2015;12.351
28173 Villamanrique de Tajo;Total;2024;825
28173 Villamanrique de Tajo;Total;2023;800
28173 Villamanrique de Tajo;Total;2022;757
28173 Villamanrique de Tajo;Total;2021;762
28173 Villamanrique de Tajo;Total;2020;707
28173 Villamanrique de Tajo;Total;2019;703
28173 Villamanrique de Tajo;Total;2018;699
28173 Villamanrique de Tajo;Total;2017;694
28173 Villamanrique de Tajo;Total;2016;705
28173 Villamanrique de Tajo;Total;2015;720
28174 Villamanta;Total;2024;2.823
28174 Villamanta;Total;2023;2.774
28174 Villamanta;Total;2022;2.714
28174 Villamanta;Total;2021;2.643
28174 Villamanta;Total;2020;2.605
28174 Villamanta;Total;2019;2.555
28174 Villamanta;Total;2018;2.501
28174 Villamanta;Total;2017;2.491
28174 Villamanta;Total;2016;2.497
28174 Villamanta;Total;2015;2.525
28175 Villamantilla;Total;2024;1.624
28175 Villamantilla;Total;2023;1.576
28175 Villamantilla;Total;2022;1.567
28175 Villamantilla;Total;2021;1.514
28175 Villamantilla;Total;2020;1.482
28175 Villamantilla;Total;2019;1.441
28175 Villamantilla;Total;2018;1.420
28175 Villamantilla;Total;2017;1.382
28175 Villamantilla;Total;2016;1.334
28175 Villamantilla;Total;2015;1.292
28176 Villanueva de la Caþada;Total;2024;23.799
28176 Villanueva de la Caþada;Total;2023;23.593
28176 Villanueva de la Caþada;Total;2022;22.845
28176 Villanueva de la Caþada;Total;2021;22.580
28176 Villanueva de la Caþada;Total;2020;22.115
28176 Villanueva de la Caþada;Total;2019;21.445
28176 Villanueva de la Caþada;Total;2018;21.000
28176 Villanueva de la Caþada;Total;2017;20.320
28176 Villanueva de la Caþada;Total;2016;19.611
28176 Villanueva de la Caþada;Total;2015;19.250
28178 Villanueva de Perales;Total;2024;1.674
28178 Villanueva de Perales;Total;2023;1.671
28178 Villanueva de Perales;Total;2022;1.623
28178 Villanueva de Perales;Total;2021;1.599
28178 Villanueva de Perales;Total;2020;1.592
28178 Villanueva de Perales;Total;2019;1.563
28178 Villanueva de Perales;Total;2018;1.547
28178 Villanueva de Perales;Total;2017;1.519
28178 Villanueva de Perales;Total;2016;1.486
28178 Villanueva de Perales;Total;2015;1.441
28177 Villanueva del Pardillo;Total;2024;18.086
28177 Villanueva del Pardillo;Total;2023;17.731
28177 Villanueva del Pardillo;Total;2022;17.382
28177 Villanueva del Pardillo;Total;2021;17.310
28177 Villanueva del Pardillo;Total;2020;17.396
28177 Villanueva del Pardillo;Total;2019;17.180
28177 Villanueva del Pardillo;Total;2018;17.127
28177 Villanueva del Pardillo;Total;2017;17.025
28177 Villanueva del Pardillo;Total;2016;16.950
28177 Villanueva del Pardillo;Total;2015;16.797
28179 Villar del Olmo;Total;2024;2.277
28179 Villar del Olmo;Total;2023;2.258
28179 Villar del Olmo;Total;2022;2.219
28179 Villar del Olmo;Total;2021;2.211
28179 Villar del Olmo;Total;2020;2.079
28179 Villar del Olmo;Total;2019;2.011
28179 Villar del Olmo;Total;2018;1.967
28179 Villar del Olmo;Total;2017;1.997
28179 Villar del Olmo;Total;2016;1.981
28179 Villar del Olmo;Total;2015;2.058
28180 Villarejo de SalvanÕs;Total;2024;7.900
28180 Villarejo de SalvanÕs;Total;2023;7.746
28180 Villarejo de SalvanÕs;Total;2022;7.629
28180 Villarejo de SalvanÕs;Total;2021;7.552
28180 Villarejo de SalvanÕs;Total;2020;7.433
28180 Villarejo de SalvanÕs;Total;2019;7.335
28180 Villarejo de SalvanÕs;Total;2018;7.291
28180 Villarejo de SalvanÕs;Total;2017;7.245
28180 Villarejo de SalvanÕs;Total;2016;7.265
28180 Villarejo de SalvanÕs;Total;2015;7.288
28181 Villaviciosa de Odµn;Total;2024;29.273
28181 Villaviciosa de Odµn;Total;2023;28.750
28181 Villaviciosa de Odµn;Total;2022;28.152
28181 Villaviciosa de Odµn;Total;2021;28.030
28181 Villaviciosa de Odµn;Total;2020;28.148
28181 Villaviciosa de Odµn;Total;2019;27.835
28181 Villaviciosa de Odµn;Total;2018;27.596
28181 Villaviciosa de Odµn;Total;2017;27.504
28181 Villaviciosa de Odµn;Total;2016;27.276
28181 Villaviciosa de Odµn;Total;2015;27.075
28182 Villavieja del Lozoya;Total;2024;324
28182 Villavieja del Lozoya;Total;2023;314
28182 Villavieja del Lozoya;Total;2022;284
28182 Villavieja del Lozoya;Total;2021;276
28182 Villavieja del Lozoya;Total;2020;262
28182 Villavieja del Lozoya;Total;2019;253
28182 Villavieja del Lozoya;Total;2018;258
28182 Villavieja del Lozoya;Total;2017;267
28182 Villavieja del Lozoya;Total;2016;270
28182 Villavieja del Lozoya;Total;2015;280
28183 Zarzalejo;Total;2024;1.874
28183 Zarzalejo;Total;2023;1.810
28183 Zarzalejo;Total;2022;1.773
28183 Zarzalejo;Total;2021;1.786
28183 Zarzalejo;Total;2020;1.734
28183 Zarzalejo;Total;2019;1.658
28183 Zarzalejo;Total;2018;1.620
28183 Zarzalejo;Total;2017;1.596
28183 Zarzalejo;Total;2016;1.565
28183 Zarzalejo;Total;2015;1.546
